{
	"ver": 1,
	"minCoreVer": 148,
	"type":"color_text",	
	"normal": {
		"gradient": 0,
		"color": [
			{
				"color": [
					0,
					0,
					0,
					255
				],
				"factor": 0.0
			}
		]
	},
    "shadows": [
        {
            "auto": 0,
            "color": [
                255,
                255,
                0,
                255
            ],
            "distance": 0.15,
            "angle": 190,
            "blur": 0.0
        },
        {
            "auto": 0,
            "color": [
                255,
                0,
                0,
                255
            ],
            "distance": 0.1,
            "angle": 190,
            "blur": 0.0
        },
        {
            "auto": 0,
            "color": [
                0,
                0,
                255,
                255
            ],
            "distance": 0.05,
            "angle": 190,
            "blur": 0.0
        },
        {
            "auto": 0,
            "color": [
                41,
                193,
                220,
                255
            ],
            "distance": 0.05,
            "angle": 0,
            "blur": 0.0
        }
    ]
}
