{
	"ver": 1,
	"minCoreVer": 130,
	"normal": {
		"gradient": 0,
		"color": [
			{
				"color": [
					188,
					255,
					11,
					255
				],
				"factor": 1.0
			}
		]
	},
    "stroke": [
        {
            "gradient": 0,
            "width": 0.2,
            "color": [
                {
                    "color": [
                        208,
                        88,
                        129,
                        255
                    ],
                    "factor": 1.0
                }
            ]
        }
    ],
	"shadow": {
		"auto": 0,
		"color": [
			208,
			88,
			129,
			255
		],
		"distance": 0.05,
		"angle": 90,
		"blur": 0.0,
        "stroke": [
            {
                "gradient": 0,
                "width": 0.2,
                "color": [
                    {
                        "color": [
                            208,
                            88,
                            129,
                            255
                        ],
                        "factor": 1.0
                    }
                ]
            }
        ]
	}
}
