﻿{
	"ver": 1,
	"type": "color_text",
	"minCoreVer": 148,
	"normal": {
		"gradient": 0,
		"color": [
			{
				"color": [
					255,
					255,
					255,
					255
				],
				"factor": 0.0
			}
		]
	},
	"shadow": {
		"auto": 0,
		"color": [
			255,
			181,
			185,
			255
		],
		"distance": 0.0,
		"angle": 0.0,
		"blur": 0.5,
		"stroke": [
			{
				"gradient": 0,
				"width": 0.3,
				"colorAngleFactor": [
					0.0,
					0.5,
					0.5
				],
				"color": [
					{
						"color": [
							255,
							181,
							185,
							255
						],
						"factor": 1.0
					}
				]
			},
			{
				"gradient": 0,
				"width": 0.5,
				"colorAngleFactor": [
					0.0,
					0.5,
					0.5
				],
				"color": [
					{
						"color": [
							137,
							42,
							96,
							255
						],
						"factor": 1.0
					}
				]
			}
		]
	}
}