{
	"ver": 1,
	"minCoreVer": 148,
	"type":"color_text",	
	"normal": {
		"gradient": 1,
		"color": [
			{
				"color": [
					239,
					102,
					40,
					255
				],
				"factor": 0.0
			},
			{
				"color": [
					250,
					250,
					250,
					255
				],
				"factor": 1.0
			}			
		]
	},
	"stroke": [
		{
			"gradient": 0,
			"width": 0.1,
			"colorAngleFactor": [0.0,0.5,0.5],
			"color": [
				{
					"color": [
						0,
						0,
						0,
						255
					],
					"factor": 1.0
				}
			]
		}		
	]
}
