﻿{
	"ver": 1,
	"type":"color_text",
	"minCoreVer": 148,
	"normal": {
		"gradient": 1,
		"color": [
			{
				"color": [
					0,
					0,
					255,
					255
				],
				"factor": 0.0
			},
			{
				"color": [
					128,
					128,
					255,
					255
				],
				"factor": 1.0
			}
		]
	},
	"stroke": [
		{
			"gradient": 0,
			"width": 0.3,
			"colorAngleFactor": [0.0,0.5,0.5],
			"color": [
				{
					"color": [
						255,
						255,
						255,
						255
					],
					"factor": 1.0
				}
			]
		},
		{
			"gradient": 0,
			"width": 0.35,
			"colorAngleFactor": [0.0,0.5,0.5],
			"color": [
				{
					"color": [
						0,
						0,
						255,
						255
					],
					"factor": 1.0
				}
			]
		}		
	]
}