﻿{
	"ver": 1,
	"type":"color_text",
	"minCoreVer": 148,
    "shadows": [
        {
            "auto": 0,
            "color": [
                0,
                0,
                0,
                255
            ],
            "distance": 0.04,
            "angle": 0,
            "blur": 0.0
        }
	],
	"stroke": [
		{
			"gradient": 1,
			"width": 0.1,
			"colorAngleFactor": [0.0,0.5,0.5],
			"color": [
				{
					"color": [
						108,
						226,
						239,
						200
					],
					"factor": 0.0
				}
			]
		}
	]	
}